{"cameraMode":{"drawMode":0,"name":"Shaded","section":"Shading Mode"},"sceneLighting":false,"audioPlay":false,"sceneViewState":{"showFog":true,"showMaterialUpdate":true,"showSkybox":false,"showFlares":true,"showImageEffects":true,"showParticleSystems":true},"in2DMode":false,"pivot":{"x":0.09962818771600723,"y":1.1444429159164429,"z":-0.010340213775634766},"rotation":{"x":0.056331612169742587,"y":0.03593507409095764,"z":-0.002028809394687414,"w":0.9977643489837647},"size":10.0,"orthographic":false}