{"cameraMode":{"drawMode":0,"name":"Shaded","section":"Shading Mode"},"sceneLighting":false,"audioPlay":false,"sceneViewState":{"showFog":true,"showMaterialUpdate":true,"showSkybox":true,"showFlares":true,"showImageEffects":true,"showParticleSystems":true},"in2DMode":false,"pivot":{"x":207.3549041748047,"y":135.3558349609375,"z":3.314300537109375},"rotation":{"x":0.056334592401981357,"y":0.03443838655948639,"z":-0.001944309682585299,"w":0.9978170990943909},"size":136.88584899902345,"orthographic":false}